{
    "info": {
        "description": "Result of Service-201",
        "version": "0.0.2"
    },
    "result": {
        "types": [
            "extinguisher"
        ],
        "objects": [
            {
                "type": "extinguisher",
                "class_id": 3,
                "guid": 542348234,
                "comment": "extinguisher was successfully detected.",
                "bounding_box": {
                    "x_center": 0.4574514925479889,
                    "y_center": 0.3913690447807312,
                    "width": 0.5903880000114441,
                    "height": 0.7192460298538208
                },
                "input image name": "20210803_095639.jpg"
            }
        ]
    }
}