{
    "info": {
        "description": "Result of Service-201",
        "version": "0.0.2"
    },
    "result": {
        "types": [
            "call_point",
            "extinguisher"
        ],
        "objects": [
            {
                "type": "extinguisher",
                "class_id": 3,
                "guid": 542348234,
                "comment": "extinguisher was successfully detected.",
                "bounding_box": {
                    "x_center": 0.3833085298538208,
                    "y_center": 0.7365520000457764,
                    "width": 0.2125495970249176,
                    "height": 0.5268959403038025
                },
                "input image name": "20210803_112151.jpg"
            },
            {
                "type": "call_point",
                "class_id": 1,
                "guid": 542348234,
                "comment": "call_point was successfully detected.",
                "bounding_box": {
                    "x_center": 0.1082589253783226,
                    "y_center": 0.13756613433361053,
                    "width": 0.1277281790971756,
                    "height": 0.20458553731441498
                },
                "input image name": "20210803_112151.jpg"
            },
            {
                "type": "extinguisher",
                "class_id": 3,
                "guid": 542348234,
                "comment": "extinguisher was successfully detected.",
                "bounding_box": {
                    "x_center": 0.75,
                    "y_center": 0.8306878209114075,
                    "width": 0.1542658656835556,
                    "height": 0.3342151641845703
                },
                "input image name": "20210803_112151.jpg"
            }
        ]
    }
}